Designator,Footprint,Quantity,Value,LCSC Part #
"J1, J10, J11","TerminalBlock_Phoenix_MKDS-1,5-2-5.08_1x02_P5.08mm_Horizontal",3,Screw_Terminal_01x02,
J12,PinHeader_1x06_P2.54mm_Vertical,1,Conn_01x06_Pin,
"J2, J3, J4, J5",PinHeader_1x03_P2.54mm_Vertical,4,Conn_01x03_Pin,
J6,PinHeader_1x08_P2.54mm_Vertical,1,Conn_01x08_Pin,
"J8, J9",PinHeader_1x04_P2.54mm_Vertical,2,Conn_01x04_Pin,
"Q1, Q2",TO-220-3_Vertical,2,IRLZ44N,
R1,R_Axial_DIN0207_L6.3mm_D2.5mm_P7.62mm_Horizontal,1,220,
"R2, R3",R_Axial_DIN0207_L6.3mm_D2.5mm_P7.62mm_Horizontal,2,330,
"R4, R5",R_Axial_DIN0207_L6.3mm_D2.5mm_P7.62mm_Horizontal,2,10K,
U1,XIAO-ESP32S3-DIP,1,XIAO-ESP32-S3-DIP,
U2,TO-220-3_Vertical,1,LM317_TO-220,
