Designator,Mid X,Mid Y,Rotation,Layer
H1,97.65,-26.1,0.0,top
H2,140.0,-26.1,0.0,top
H3,97.65,-111.7,0.0,top
H4,140.0,-111.7,0.0,top
J1,136.7725,-36.105,90.0,top
J10,136.1,-73.66,90.0,top
J11,136.4,-93.16,90.0,top
J12,103.0,-94.7,90.0,top
J2,111.57,-103.0,0.0,top
J3,116.16,-103.0,0.0,top
J4,120.75,-103.0,0.0,top
J5,125.34,-103.0,0.0,top
J6,123.5,-64.31,180.0,top
J8,97.41,-37.54,0.0,top
J9,97.3,-50.29,0.0,top
Q1,135.9,-65.15,0.0,top
Q2,136.0,-84.35,0.0,top
R1,136.09,-51.7,0.0,top
R2,136.0,-55.6,0.0,top
R3,136.0,-59.3,180.0,top
R4,128.5,-66.7,270.0,top
R5,128.1,-85.8,270.0,top
U1,117.6,-40.9185,0.0,top
U2,136.24,-47.1,0.0,top
